escenario,fpr,tpr
sin DP,0.0,0.0
sin DP,0.045835726593911545,0.07053417576105686
sin DP,0.05134979896611143,0.08190695002871913
sin DP,0.05617461229178633,0.08925904652498565
sin DP,0.05904652498564043,0.09442848937392304
sin DP,0.062377943710511204,0.09982768523836875
sin DP,0.064330844342332,0.10511200459506032
sin DP,0.06685812751292361,0.1102814474439977
sin DP,0.06938541068351523,0.11487650775416428
sin DP,0.07225732337736933,0.11935669155657667
sin DP,0.07512923607122343,0.12245835726593912
sin DP,0.07823090178058587,0.1263641585295807
sin DP,0.08075818495117748,0.1315336013785181
sin DP,0.08317059161401494,0.134979896611143
sin DP,0.08535324526134405,0.1388856978747846
sin DP,0.08799540493968984,0.14359563469270534
sin DP,0.09029293509477312,0.14876507754164273
sin DP,0.09259046524985641,0.15301550832854682
sin DP,0.09431361286616886,0.15829982768523837
sin DP,0.09626651349798966,0.16346927053417576
sin DP,0.09879379666858128,0.16829408385985067
sin DP,0.10155083285468122,0.17208500861573808
sin DP,0.10396323951751867,0.17863296955772545
sin DP,0.10591614014933946,0.18219414129810454
sin DP,0.10798391728891442,0.18678920160827112
sin DP,0.11074095347501436,0.19345203905801264
sin DP,0.11326823664560598,0.19758759333716255
sin DP,0.1151062607696726,0.20402067777139574
sin DP,0.11717403790924756,0.20781160252728317
sin DP,0.11981619758759333,0.21631246410109134
sin DP,0.12199885123492246,0.22125215393452038
sin DP,0.12487076392877657,0.22423894313612866
sin DP,0.12774267662263067,0.22837449741527857
sin DP,0.13072946582423894,0.23388856978747846
sin DP,0.13348650201033888,0.23813900057438253
sin DP,0.13612866168868468,0.24422745548535324
sin DP,0.1383113153360138,0.25077541642734064
sin DP,0.14175761056863873,0.258012636415853
sin DP,0.14382538770821368,0.2641010913268237
sin DP,0.14646754738655945,0.2700746697300402
sin DP,0.14865020103388857,0.27570361860999426
sin DP,0.1514072372199885,0.28087306145893165
sin DP,0.15473865594485928,0.28604250430786904
sin DP,0.15703618609994255,0.29040781160252727
sin DP,0.1592188397472717,0.29557725445146465
sin DP,0.16197587593337162,0.3002871912693854
sin DP,0.16450315910396324,0.3058012636415853
sin DP,0.16840896036760483,0.31292360712234346
sin DP,0.17082136703044226,0.3170591614014934
sin DP,0.17323377369327972,0.32291786329695576
sin DP,0.17564618035611718,0.32682366456059736
sin DP,0.1781734635267088,0.3321079839172889
sin DP,0.18081562320505457,0.33957495692130957
sin DP,0.18334290637564618,0.3443997702469845
sin DP,0.18598506605399195,0.3487650775416427
sin DP,0.18828259620907525,0.35381964388282594
sin DP,0.19115450890292934,0.36082711085582997
sin DP,0.19368179207352096,0.36737507179781737
sin DP,0.19609419873635842,0.3712808730614589
sin DP,0.1983917288914417,0.3784032165422171
sin DP,0.200689259046525,0.3819643882825962
sin DP,0.20264215967834578,0.3886272257323377
sin DP,0.2048248133256749,0.3939115450890293
sin DP,0.2071223434807582,0.39896611143021254
sin DP,0.2103388856978748,0.40459506031016657
sin DP,0.2122917863296956,0.4128661688684664
sin DP,0.2148190695002872,0.41952900631820794
sin DP,0.21711659965537047,0.4243538196438828
sin DP,0.21952900631820793,0.4334290637564618
sin DP,0.22240091901206202,0.4399770246984492
sin DP,0.22492820218265364,0.4472142446869615
sin DP,0.2273406088454911,0.45226881102814476
sin DP,0.22940838598506605,0.4585870189546238
sin DP,0.2318207926479035,0.46628374497415276
sin DP,0.2337736932797243,0.4737507179781735
sin DP,0.23584147041929926,0.4785755313038484
sin DP,0.23802412406662837,0.48466398621481904
sin DP,0.2414704192992533,0.4902929350947731
sin DP,0.24365307294658242,0.49488799540493966
sin DP,0.24641010913268235,0.5004020677771396
sin DP,0.24928202182653647,0.5043078690407812
sin DP,0.2521539345203906,0.5123492245835727
sin DP,0.25479609419873633,0.5183228029867892
sin DP,0.2575531303848363,0.5244112578977599
sin DP,0.26008041355542794,0.5285468121769098
sin DP,0.26226306720275705,0.5316484778862722
sin DP,0.26479035037334864,0.5372774267662263
sin DP,0.26800689259046523,0.5418724870763929
sin DP,0.27064905226881103,0.5484204480183802
sin DP,0.27352096496266515,0.5526708788052843
sin DP,0.27627800114876505,0.5585295807007467
sin DP,0.27937966685812754,0.5638139000574383
sin DP,0.28248133256749,0.5693279724296382
sin DP,0.28500861573808156,0.5739230327398047
sin DP,0.288799540493969,0.5809304997128087
sin DP,0.2915565766800689,0.5849511774842044
sin DP,0.29408385985066055,0.5911545089029293
sin DP,0.2967260195290063,0.5963239517518667
sin DP,0.2991384261918438,0.6025272831705916
sin DP,0.3015508328546812,0.6088454910970706
sin DP,0.30488225157955195,0.6136703044227455
sin DP,0.3070649052268811,0.6187248707639288
sin DP,0.30970706490522687,0.6233199310740953
sin DP,0.31234922458357267,0.6282596209075244
sin DP,0.31533601378518095,0.6340034462952326
sin DP,0.3176335439402642,0.6369902354968409
sin DP,0.32096496266513497,0.6429638139000574
sin DP,0.32395175186674324,0.647558874210224
sin DP,0.3276278001148765,0.6518093049971281
sin DP,0.3296955772544515,0.6562894887995405
sin DP,0.3324526134405514,0.6607696726019529
sin DP,0.3353245261344055,0.6658242389431361
sin DP,0.3381964388282596,0.6711085582998277
sin DP,0.34106835152211373,0.6762780011487651
sin DP,0.3435956346927053,0.6805284319356691
sin DP,0.3462377943710511,0.6855829982768524
sin DP,0.34910970706490524,0.6896036760482481
sin DP,0.3516369902354968,0.6924755887421022
sin DP,0.3540493968983343,0.6964962665134979
sin DP,0.3562320505456634,0.7002871912693854
sin DP,0.35898908673176333,0.7066053991958644
sin DP,0.3614014933946008,0.710511200459506
sin DP,0.36346927053417577,0.71751866743251
sin DP,0.3663411832280299,0.7238368753589891
sin DP,0.36967260195290064,0.7290063182079265
sin DP,0.3724296381390006,0.7339460080413556
sin DP,0.37553130384836303,0.7368179207352097
sin DP,0.377599080987938,0.7421022400919012
sin DP,0.38024124066628373,0.7452039058012636
sin DP,0.38219414129810453,0.7485353245261344
sin DP,0.38483630097645033,0.753130384836301
sin DP,0.38759333716255023,0.7577254451464676
sin DP,0.3905801263641585,0.7618609994256175
sin DP,0.3927627800114877,0.7662263067202757
sin DP,0.3962090752441126,0.7705916140149339
sin DP,0.3990809879379667,0.7756461803561172
sin DP,0.40241240666283745,0.7798966111430212
sin DP,0.4055140723721999,0.7841470419299253
sin DP,0.4096496266513498,0.7894313612866168
sin DP,0.41217690982194144,0.7924181504882252
sin DP,0.41539345203905803,0.7966685812751292
sin DP,0.41883974727168294,0.8002297530155084
sin DP,0.42148190695002874,0.8052843193566915
sin DP,0.4243538196438828,0.8093049971280873
sin DP,0.4269959793222286,0.8127512923607122
sin DP,0.4289488799540494,0.816771970132108
sin DP,0.43205054566341183,0.821022400919012
sin DP,0.4350373348650201,0.8249282021826536
sin DP,0.43882825962090755,0.8299827685238369
sin DP,0.44227455485353245,0.8346927053417577
sin DP,0.4450315910396324,0.8389431361286617
sin DP,0.4473291211947157,0.8437679494543366
sin DP,0.4502010338885698,0.8472142446869615
sin DP,0.45376220562894887,0.851005169442849
sin DP,0.4568638713383113,0.8543365881677197
sin DP,0.4601952900631821,0.8581275129236071
sin DP,0.4634118322802987,0.8619184376794945
sin DP,0.46605399195864444,0.8654796094198737
sin DP,0.46835152211372777,0.8688110281447444
sin DP,0.47237219988512347,0.8726019529006318
sin DP,0.47501435956346927,0.8759333716255026
sin DP,0.47765651924181507,0.8789201608271109
sin DP,0.4815623205054566,0.8832854681217691
sin DP,0.48661688684663984,0.8863871338311315
sin DP,0.4896036760482481,0.8905226881102815
sin DP,0.49167145318782307,0.895117748420448
sin DP,0.495807007466973,0.8986789201608271
sin DP,0.500057438253877,0.9017805858701895
sin DP,0.5032739804709937,0.9047673750717978
sin DP,0.5058012636415853,0.9100516944284893
sin DP,0.5086731763354394,0.9137277426766226
sin DP,0.5123492245835727,0.9169442848937392
sin DP,0.5155657668006892,0.9229178632969558
sin DP,0.5188971855255601,0.9263641585295807
sin DP,0.5231476163124641,0.9296955772544515
sin DP,0.528661688684664,0.9333716255025847
sin DP,0.5313038483630098,0.9372774267662263
sin DP,0.5354394026421597,0.9393452039058012
sin DP,0.5388856978747846,0.9429063756461804
sin DP,0.5427914991384262,0.9458931648477886
sin DP,0.5464675473865594,0.9489948305571511
sin DP,0.550373348650201,0.9519816197587593
sin DP,0.5548535324526135,0.9548535324526134
sin DP,0.55944859276278,0.9585295807007467
sin DP,0.5633543940264216,0.96082711085583
sin DP,0.5694428489373923,0.9638139000574383
sin DP,0.5759908098793797,0.9663411832280299
sin DP,0.5792073520964963,0.9688684663986215
sin DP,0.5854106835152212,0.9715106260769673
sin DP,0.5904652498564044,0.9740379092475588
sin DP,0.595749569213096,0.9766800689259046
sin DP,0.603561171740379,0.9790924755887421
sin DP,0.6110281447443998,0.9819643882825962
sin DP,0.618150488225158,0.9846065479609419
sin DP,0.6269959793222286,0.9865594485927628
sin DP,0.6387133831131534,0.9888569787478461
sin DP,0.648248133256749,0.9913842619184376
sin DP,0.6644457208500861,0.9931074095347502
sin DP,0.6807581849511775,0.9950603101665709
sin DP,0.7310740953475015,0.9967834577828834
sin DP,0.8240091901206203,0.99862148190695
eps=0.5,0.0,0.0
eps=0.5,0.007352096496266514,0.004824813325674899
eps=0.5,0.011487650775416428,0.009304997128087307
eps=0.5,0.015967834577828834,0.012981045376220563
eps=0.5,0.020562894887995405,0.017116599655370476
eps=0.5,0.025502584721424467,0.021596783457782882
eps=0.5,0.02986789201608271,0.025502584721424467
eps=0.5,0.03423319931074095,0.03170591614014934
eps=0.5,0.039977024698449166,0.03687535898908673
eps=0.5,0.04422745548535324,0.04135554279149914
eps=0.5,0.050201033888569786,0.04572085008615738
eps=0.5,0.054336588167719704,0.05054566341183228
eps=0.5,0.0591614014933946,0.05502584721424469
eps=0.5,0.06306720275703619,0.05904652498564043
eps=0.5,0.06869615163699024,0.06490522688110281
eps=0.5,0.07421022400919013,0.07156806433084434
eps=0.5,0.07914991384261919,0.07696726019529006
eps=0.5,0.08340034462952327,0.0816771970132108
eps=0.5,0.08730614589316485,0.08730614589316485
eps=0.5,0.09167145318782309,0.09304997128087306
eps=0.5,0.09684089603676048,0.09821941412981046
eps=0.5,0.10201033888569787,0.10315910396323952
eps=0.5,0.10637564618035612,0.10729465824238943
eps=0.5,0.11143021252153934,0.11430212521539346
eps=0.5,0.11625502584721424,0.11981619758759333
eps=0.5,0.12188397472716829,0.12395175186674325
eps=0.5,0.1256748994830557,0.12912119471568065
eps=0.5,0.13095921883974726,0.13463526708788054
eps=0.5,0.1376220562894888,0.13946008041355543
eps=0.5,0.14256174612291786,0.14474439977024697
eps=0.5,0.1476163124641011,0.14842044801838025
eps=0.5,0.15381964388282596,0.15244112578977598
eps=0.5,0.15967834577828835,0.1574956921309592
eps=0.5,0.16381390005743826,0.16232050545663412
eps=0.5,0.1688684663986215,0.16932797242963815
eps=0.5,0.17311889718552556,0.17438253877082135
eps=0.5,0.17828834003446295,0.17920735209649627
eps=0.5,0.18414704192992534,0.18460654796094197
eps=0.5,0.18862722573233773,0.1896611143021252
eps=0.5,0.19287765651924182,0.19494543365881678
eps=0.5,0.1973578403216542,0.20022975301550833
eps=0.5,0.20264215967834578,0.20505456634118321
eps=0.5,0.20815623205054568,0.20976450315910397
eps=0.5,0.2125215393452039,0.21367030442274554
eps=0.5,0.21792073520964964,0.21906950028719127
eps=0.5,0.2221711659965537,0.22331993107409534
eps=0.5,0.22676622630672028,0.22722573233773694
eps=0.5,0.2312464101091327,0.23193566915565766
eps=0.5,0.2353819643882826,0.23641585295807008
eps=0.5,0.24009190120620333,0.24181504882251578
eps=0.5,0.24583572659391154,0.24618035611717404
eps=0.5,0.25077541642734064,0.2516944284893739
eps=0.5,0.25640436530729466,0.2568638713383113
eps=0.5,0.2616886846639862,0.26157380815623205
eps=0.5,0.26639862148190696,0.2652498564043653
eps=0.5,0.27156806433084435,0.27053417576105687
eps=0.5,0.2766226306720276,0.27478460654796094
eps=0.5,0.280413555427915,0.27937966685812754
eps=0.5,0.28500861573808156,0.28351522113727745
eps=0.5,0.28960367604824816,0.2877656519241815
eps=0.5,0.2945433658816772,0.29236071223434806
eps=0.5,0.29821941412981046,0.2961516369902355
eps=0.5,0.30212521539345205,0.3015508328546812
eps=0.5,0.3077541642734061,0.3056863871338311
eps=0.5,0.31234922458357267,0.31120045950603104
eps=0.5,0.3171740379092476,0.3163699023549684
eps=0.5,0.32142446869615166,0.3211947156806433
eps=0.5,0.32636415852958073,0.3264790350373349
eps=0.5,0.33049971280873064,0.3318782309017806
eps=0.5,0.33520964962665134,0.33658816771970135
eps=0.5,0.34026421596783457,0.34256174612291784
eps=0.5,0.3457782883400345,0.3457782883400345
eps=0.5,0.3504882251579552,0.35083285468121767
eps=0.5,0.35611717403790927,0.3558874210224009
eps=0.5,0.36312464101091324,0.361516369902355
eps=0.5,0.36817920735209647,0.36519241815048825
eps=0.5,0.37380815623205055,0.3702469844916714
eps=0.5,0.37966685812751294,0.374152785755313
eps=0.5,0.384606547960942,0.38058587018954626
eps=0.5,0.3896611143021252,0.3871338311315336
eps=0.5,0.39460080413555426,0.3917288914417002
eps=0.5,0.399310740953475,0.3968983342906376
eps=0.5,0.4035611717403791,0.4025272831705916
eps=0.5,0.4081562320505457,0.4066628374497415
eps=0.5,0.41275129236071223,0.41240666283744976
eps=0.5,0.417461229178633,0.41780585870189546
eps=0.5,0.42228604250430785,0.42240091901206206
eps=0.5,0.4273406088454911,0.42642159678345776
eps=0.5,0.4323951751866743,0.43136128661688683
eps=0.5,0.43744974152785754,0.4366456059735784
eps=0.5,0.4431935669155658,0.4417001723147616
eps=0.5,0.44813325674899485,0.4466398621481907
eps=0.5,0.4530729465824239,0.45134979896611144
eps=0.5,0.45720850086157383,0.4568638713383113
eps=0.5,0.46226306720275706,0.4609994256174612
eps=0.5,0.4672027570361861,0.46628374497415276
eps=0.5,0.47237219988512347,0.46995979322228604
eps=0.5,0.47800114876507754,0.47432510051694426
eps=0.5,0.48236645605973577,0.4800689259046525
eps=0.5,0.48856978747846064,0.48581275129236073
eps=0.5,0.4929350947731189,0.49167145318782307
eps=0.5,0.4976450315910396,0.4956921309592188
eps=0.5,0.502125215393452,0.5023549684089603
eps=0.5,0.5071797817346353,0.5064905226881102
eps=0.5,0.5128087306145893,0.510511200459506
eps=0.5,0.5172889144170018,0.513957495692131
eps=0.5,0.5215393452039058,0.5183228029867892
eps=0.5,0.5257897759908099,0.5237219988512349
eps=0.5,0.5316484778862722,0.5276278001148765
eps=0.5,0.5373923032739805,0.5339460080413555
eps=0.5,0.5430212521539345,0.5392303273980471
eps=0.5,0.5466973004020678,0.544055140723722
eps=0.5,0.5519816197587594,0.5493394600804136
eps=0.5,0.5564618035611717,0.5548535324526135
eps=0.5,0.5610568638713384,0.5602527283170592
eps=0.5,0.5659965537047674,0.5653072946582424
eps=0.5,0.5710511200459506,0.5696726019529006
eps=0.5,0.5753015508328547,0.5744974152785756
eps=0.5,0.5803561171740379,0.5794371051120046
eps=0.5,0.5856404365307295,0.5843767949454337
eps=0.5,0.5890867317633544,0.5896611143021252
eps=0.5,0.5931074095347502,0.5954049396898334
eps=0.5,0.5994256174612291,0.6004595060310166
eps=0.5,0.6041355542791499,0.6071223434807582
eps=0.5,0.610453762205629,0.612636415852958
eps=0.5,0.6148190695002872,0.6197587593337163
eps=0.5,0.6201033888569788,0.6242389431361287
eps=0.5,0.6245835726593911,0.6292935094773119
eps=0.5,0.6280298678920161,0.6336588167719701
eps=0.5,0.6329695577254452,0.6395175186674326
eps=0.5,0.6388282596209075,0.6443423319931074
eps=0.5,0.6442274554853532,0.6490522688110282
eps=0.5,0.6492820218265365,0.6523836875358989
eps=0.5,0.653877082136703,0.6576680068925904
eps=0.5,0.6578977599080988,0.663641585295807
eps=0.5,0.6638713383113153,0.6684663986214819
eps=0.5,0.6691556576680069,0.6742102240091902
eps=0.5,0.6750143595634692,0.6783457782883401
eps=0.5,0.6792647903503733,0.6831705916140149
eps=0.5,0.68248133256749,0.688110281447444
eps=0.5,0.688110281447444,0.693739230327398
eps=0.5,0.6935094773118897,0.6983342906375646
eps=0.5,0.6983342906375646,0.702814474439977
eps=0.5,0.7021252153934521,0.7097070649052268
eps=0.5,0.7064905226881103,0.7149913842619184
eps=0.5,0.7116599655370477,0.7199310740953475
eps=0.5,0.7167145318782309,0.724526134405514
eps=0.5,0.7219988512349225,0.7292360712234348
eps=0.5,0.7292360712234348,0.7341757610568639
eps=0.5,0.7339460080413556,0.7398047099368179
eps=0.5,0.7386559448592763,0.744055140723722
eps=0.5,0.7430212521539346,0.7488799540493969
eps=0.5,0.7469270534175761,0.7537047673750717
eps=0.5,0.7527857553130385,0.7580700746697301
eps=0.5,0.7572659391154509,0.7623205054566341
eps=0.5,0.7609419873635841,0.7695577254451464
eps=0.5,0.7651924181504882,0.7742676622630672
eps=0.5,0.7703618609994256,0.7792073520964963
eps=0.5,0.7764503159103964,0.7829982768523837
eps=0.5,0.7817346352670879,0.7890867317633544
eps=0.5,0.7873635841470419,0.7942561746122918
eps=0.5,0.792303273980471,0.7996553704767375
eps=0.5,0.7977024698449167,0.8052843193566915
eps=0.5,0.8028719126938542,0.8104537622056289
eps=0.5,0.8070074669730041,0.8157380815623205
eps=0.5,0.8112578977599081,0.8204480183802413
eps=0.5,0.8168868466398621,0.8256174612291787
eps=0.5,0.8218265364732912,0.8309017805858702
eps=0.5,0.827914991384262,0.8353819643882826
eps=0.5,0.8336588167719702,0.8400919012062034
eps=0.5,0.8388282596209076,0.8449167145318782
eps=0.5,0.8436530729465824,0.8498564043653073
eps=0.5,0.8481332567489949,0.8556002297530155
eps=0.5,0.851809304997128,0.8590465249856405
eps=0.5,0.8575531303848363,0.863641585295807
eps=0.5,0.8613440551407238,0.8684663986214819
eps=0.5,0.8676622630672027,0.8744399770246984
eps=0.5,0.8721424468696152,0.8801838024124067
eps=0.5,0.8765077541642734,0.8847788627225732
eps=0.5,0.8811028144744399,0.8898334290637565
eps=0.5,0.8862722573233773,0.8940838598506605
eps=0.5,0.8919012062033315,0.8992533026995979
eps=0.5,0.8967260195290063,0.9037334865020104
eps=0.5,0.9015508328546812,0.9091326823664561
eps=0.5,0.9063756461803562,0.9133831131533602
eps=0.5,0.9097070649052269,0.9184376794945434
eps=0.5,0.9141872487076392,0.9231476163124641
eps=0.5,0.9192418150488225,0.927972429638139
eps=0.5,0.9254451464675474,0.9317633543940265
eps=0.5,0.9316484778862723,0.9357840321654222
eps=0.5,0.9378518093049971,0.9411832280298679
eps=0.5,0.9429063756461804,0.9458931648477886
eps=0.5,0.9485353245261344,0.9509477311889718
eps=0.5,0.9535898908673176,0.9560022975301551
eps=0.5,0.960137851809305,0.9614014933946008
eps=0.5,0.9636990235496841,0.9672601952900631
eps=0.5,0.9709362435381964,0.9731188971855256
eps=0.5,0.9756461803561172,0.9780585870189547
eps=0.5,0.9808156232050546,0.9826536473291212
eps=0.5,0.9863296955772545,0.987478460654796
eps=0.5,0.9921883974727168,0.9931074095347502
eps=0.5,0.9974727168294084,0.9978173463526708
eps=1,0.0,0.0
eps=1,0.00562894887995405,0.002986789201608271
eps=1,0.010338885697874785,0.00781160252728317
eps=1,0.015278575531303849,0.011947156806433084
eps=1,0.019758759333716257,0.01665709362435382
eps=1,0.024583572659391154,0.020562894887995405
eps=1,0.030097645031591038,0.024813325674899484
eps=1,0.03411832280298679,0.029753015508328547
eps=1,0.03836875358989087,0.03480758184951178
eps=1,0.04330844342331993,0.040206777713957496
eps=1,0.04939689833429064,0.04411257897759908
eps=1,0.05399195864445721,0.04928202182653647
eps=1,0.058701895462377945,0.05456634118322803
eps=1,0.06283744974152786,0.05996553704767375
eps=1,0.06766226306720276,0.06547960941987363
eps=1,0.07260195290063182,0.07018954623779437
eps=1,0.07754164273406089,0.07616312464101091
eps=1,0.08190695002871913,0.08156232050545663
eps=1,0.08765077541642734,0.088110281447444
eps=1,0.09431361286616886,0.09282021826536473
eps=1,0.09925330269959794,0.0990235496840896
eps=1,0.10384836300976451,0.10465249856404366
eps=1,0.1074095347501436,0.10890292935094772
eps=1,0.11303848363009765,0.11464675473865595
eps=1,0.11843767949454337,0.1199310740953475
eps=1,0.12337736932797243,0.1251005169442849
eps=1,0.1270534175761057,0.1308443423319931
eps=1,0.1331418724870764,0.13417576105686388
eps=1,0.1383113153360138,0.13842619184376795
eps=1,0.14290637564618036,0.14256174612291786
eps=1,0.1478460654796094,0.1462377943710511
eps=1,0.15244112578977598,0.15163699023549684
eps=1,0.15738081562320505,0.15542791499138425
eps=1,0.16289488799540494,0.1610568638713383
eps=1,0.16794945433658817,0.16645605973578403
eps=1,0.17449741527857554,0.17082136703044226
eps=1,0.17897759908098793,0.1767949454336588
eps=1,0.18299827685238368,0.1823090178058587
eps=1,0.18701895462377943,0.1874784606547961
eps=1,0.19149913842619185,0.19080987937966687
eps=1,0.1971280873061459,0.19563469270534176
eps=1,0.20172314761631246,0.2009190120620333
eps=1,0.20528431935669156,0.20689259046524985
eps=1,0.2099942561746123,0.2122917863296956
eps=1,0.21355542791499138,0.21596783457782884
eps=1,0.2182653647329121,0.2199885123492246
eps=1,0.22286042504307868,0.22527283170591614
eps=1,0.22745548535324525,0.22906375646180357
eps=1,0.23205054566341182,0.23469270534175762
eps=1,0.2372199885123492,0.23940264215967835
eps=1,0.24135554279149915,0.24457208500861574
eps=1,0.24675473865594486,0.2488225157955198
eps=1,0.2521539345203906,0.25491097070649055
eps=1,0.2568638713383113,0.25858701895462377
eps=1,0.263641585295807,0.2638713383113153
eps=1,0.2684663986214819,0.2688110281447444
eps=1,0.27283170591614014,0.2726019529006318
eps=1,0.2777713957495692,0.27627800114876505
eps=1,0.28248133256749,0.28431935669155656
eps=1,0.2871912693854107,0.28960367604824816
eps=1,0.29236071223434806,0.29431361286616886
eps=1,0.297874784606548,0.29890867317633546
eps=1,0.3020103388856979,0.30407811602527285
eps=1,0.30821367030442276,0.3084434233199311
eps=1,0.312578977599081,0.31430212521539347
eps=1,0.3176335439402642,0.31855255600229754
eps=1,0.3234922458357266,0.3247558874210224
eps=1,0.32877656519241816,0.32877656519241816
eps=1,0.3327972429638139,0.33543940264215966
eps=1,0.3383113153360138,0.3404939689833429
eps=1,0.3427914991384262,0.344744399770247
eps=1,0.34738655944859276,0.3499138426191844
eps=1,0.35255600229753015,0.3543940264215968
eps=1,0.3582998276852384,0.35772544514646754
eps=1,0.3639287765651924,0.3628948879954049
eps=1,0.3694428489373923,0.36898334290637563
eps=1,0.3749569213095922,0.37472716829408387
eps=1,0.38047099368179205,0.3795519816197588
eps=1,0.38483630097645033,0.3841470419299253
eps=1,0.38920160827110856,0.38759333716255023
eps=1,0.3939115450890293,0.3932222860425043
eps=1,0.3987363584147042,0.3981619758759334
eps=1,0.4025272831705916,0.40390580126364156
eps=1,0.407007466973004,0.4098793796668581
eps=1,0.41263641585295807,0.4137851809304997
eps=1,0.41711659965537046,0.4189546237794371
eps=1,0.42205628948879953,0.423090178058587
eps=1,0.42619184376794944,0.4280298678920161
eps=1,0.4333141872487076,0.43228029867892015
eps=1,0.4387133831131534,0.43641585295807006
eps=1,0.4431935669155658,0.4411257897759908
eps=1,0.4484778862722573,0.44618035611717405
eps=1,0.45284319356691555,0.4511200459506031
eps=1,0.4585870189546238,0.45605973578403214
eps=1,0.4642159678345778,0.46260769672601953
eps=1,0.4685812751292361,0.4690407811602527
eps=1,0.47386559448592763,0.47352096496266516
eps=1,0.479035037334865,0.4784606547960942
eps=1,0.4837449741527858,0.48512349224583573
eps=1,0.4884549109707065,0.49052268811028144
eps=1,0.4923607122343481,0.49465824238943135
eps=1,0.49787478460654794,0.49948305571510626
eps=1,0.5017805858701896,0.5037334865020103
eps=1,0.5061458931648478,0.5093624353819644
eps=1,0.5103963239517518,0.5148765077541643
eps=1,0.5167145318782309,0.5199310740953476
eps=1,0.5215393452039058,0.5256748994830557
eps=1,0.5270534175761057,0.5301550832854681
eps=1,0.5322228604250431,0.5364732912119472
eps=1,0.5372774267662263,0.5414129810453763
eps=1,0.541987363584147,0.5456634118322803
eps=1,0.5466973004020678,0.5502584721424468
eps=1,0.5508328546812177,0.5547386559448593
eps=1,0.5554279149913842,0.5602527283170592
eps=1,0.5617461229178633,0.5643882825962091
eps=1,0.5655370476737507,0.569213095921884
eps=1,0.570591614014934,0.5730040206777713
eps=1,0.5749569213095922,0.5774842044801838
eps=1,0.5805858701895462,0.5831131533601378
eps=1,0.5850660539919587,0.5871338311315336
eps=1,0.5903503733486501,0.5924181504882251
eps=1,0.5946008041355543,0.5998851234922459
eps=1,0.6003446295232625,0.6039058012636416
eps=1,0.6047099368179207,0.6091901206203332
eps=1,0.6093049971280873,0.6133256748994831
eps=1,0.6152785755313038,0.6190695002871913
eps=1,0.6219414129810453,0.6249282021826537
eps=1,0.6260769672601952,0.6305571510626077
eps=1,0.6305571510626077,0.6343480758184952
eps=1,0.6349224583572659,0.6389431361286617
eps=1,0.6396323951751867,0.6425043078690408
eps=1,0.6437679494543366,0.6479035037334865
eps=1,0.6483630097645031,0.6523836875358989
eps=1,0.6519241815048823,0.6583572659391155
eps=1,0.6576680068925904,0.665020103388857
eps=1,0.6635267087880529,0.6695002871912694
eps=1,0.6677771395749569,0.674095347501436
eps=1,0.6726019529006318,0.679035037334865
eps=1,0.6761631246410109,0.6837449741527858
eps=1,0.6816771970132108,0.6882251579551981
eps=1,0.6876507754164274,0.6932797242963814
eps=1,0.6910970706490522,0.6985640436530729
eps=1,0.695117748420448,0.704192992533027
eps=1,0.7001723147616312,0.7076392877656519
eps=1,0.7054566341183228,0.7126938541068352
eps=1,0.7100516944284894,0.7176335439402642
eps=1,0.7133831131533601,0.7216542217116599
eps=1,0.7177484204480183,0.7257897759908098
eps=1,0.7229178632969557,0.7323377369327972
eps=1,0.7284319356691557,0.7369327972429638
eps=1,0.7327972429638139,0.7417576105686388
eps=1,0.7369327972429638,0.7469270534175761
eps=1,0.7421022400919012,0.7515221137277427
eps=1,0.7469270534175761,0.7556576680068926
eps=1,0.7515221137277427,0.7612866168868466
eps=1,0.7555427914991384,0.7655370476737507
eps=1,0.760137851809305,0.7700172314761631
eps=1,0.7640436530729465,0.7751866743251005
eps=1,0.7684089603676049,0.7809304997128087
eps=1,0.7733486502010339,0.7854106835152211
eps=1,0.7792073520964963,0.7900057438253877
eps=1,0.7850660539919586,0.7935669155657668
eps=1,0.7898908673176336,0.7983917288914417
eps=1,0.7940264215967835,0.8028719126938542
eps=1,0.79862148190695,0.8074669730040207
eps=1,0.8029867892016083,0.8124066628374498
eps=1,0.8067777139574956,0.8178058587018955
eps=1,0.8118322802986789,0.8213670304422745
eps=1,0.817461229178633,0.8275703618609994
eps=1,0.823779437105112,0.8323951751866743
eps=1,0.8291786329695577,0.8374497415278576
eps=1,0.8346927053417577,0.843997702469845
eps=1,0.8383687535898908,0.8484778862722573
eps=1,0.8435381964388282,0.8534175761056864
eps=1,0.8503159103963239,0.8580126364158529
eps=1,0.8565192418150488,0.8624928202182653
eps=1,0.8613440551407238,0.8666283744974153
eps=1,0.8653647329121195,0.8717978173463526
eps=1,0.8696151636990236,0.8786904078116026
eps=1,0.8748994830557151,0.88385985066054
eps=1,0.8792647903503733,0.8876507754164273
eps=1,0.88385985066054,0.8931648477886273
eps=1,0.8885697874784606,0.8976450315910396
eps=1,0.8935094773118897,0.9023549684089603
eps=1,0.8976450315910396,0.907639287765652
eps=1,0.9024698449167146,0.9122343480758185
eps=1,0.9072946582423894,0.9174037909247559
eps=1,0.9114302125215393,0.9213095921883975
eps=1,0.9162550258472143,0.9256748994830557
eps=1,0.9222286042504307,0.9310740953475014
eps=1,0.9287765651924181,0.9350947731188972
eps=1,0.933601378518093,0.9395749569213095
eps=1,0.9385410683515221,0.9442848937392303
eps=1,0.9452039058012637,0.9487650775416427
eps=1,0.9504882251579552,0.9529006318207927
eps=1,0.9547386559448593,0.9578403216542217
eps=1,0.9599080987937967,0.9619758759333716
eps=1,0.9639287765651924,0.9668006892590465
eps=1,0.9687535898908674,0.971395749569213
eps=1,0.9746122917863297,0.9781734635267088
eps=1,0.980470993681792,0.9823090178058587
eps=1,0.9857553130384836,0.9879379666858128
eps=1,0.991614014933946,0.9926479035037334
eps=1,0.9973578403216542,0.9980470993681793
eps=2,0.0,0.0
eps=2,0.0068925904652498565,0.003905801263641585
eps=2,0.01183228029867892,0.008845491097070649
eps=2,0.01665709362435382,0.013095921883974727
eps=2,0.02205628948879954,0.017346352670878806
eps=2,0.02711085582998277,0.02320505456634118
eps=2,0.031476163124641014,0.02745548535324526
eps=2,0.03687535898908673,0.03228029867892016
eps=2,0.04066628374497415,0.0366456059735784
eps=2,0.04491671453187823,0.04112578977599081
eps=2,0.04985640436530729,0.04572085008615738
eps=2,0.05514072372199885,0.050890292935094776
eps=2,0.0607696726019529,0.055829982768523835
eps=2,0.06444572085008615,0.061688684663986214
eps=2,0.06950028719126938,0.06639862148190695
eps=2,0.0739804709936818,0.0700746697300402
eps=2,0.07892016082711086,0.0752441125789776
eps=2,0.08294083859850661,0.08052843193566915
eps=2,0.08661688684663986,0.08546812176909822
eps=2,0.09017805858701895,0.08983342906375646
eps=2,0.09534750143595634,0.0948879954049397
eps=2,0.09971280873061458,0.09890867317633543
eps=2,0.10373348650201034,0.10396323951751867
eps=2,0.10878805284319357,0.10798391728891442
eps=2,0.11361286616886847,0.11315336013785181
eps=2,0.11786329695577255,0.11728891441700172
eps=2,0.12291786329695577,0.12234348075818495
eps=2,0.12785755313038483,0.1270534175761057
eps=2,0.13429063756461804,0.13256748994830558
eps=2,0.13900057438253877,0.13819643882825963
eps=2,0.14233199310740954,0.14508902929350947
eps=2,0.14945433658816773,0.15037334865020102
eps=2,0.15450890292935096,0.15416427340608846
eps=2,0.15944859276278,0.15841470419299253
eps=2,0.16542217116599656,0.16427340608845492
eps=2,0.1704767375071798,0.17013210798391729
eps=2,0.17484204480183801,0.17369327972429638
eps=2,0.17897759908098793,0.1790924755887421
eps=2,0.18414704192992534,0.1835726593911545
eps=2,0.19012062033314187,0.1887421022400919
eps=2,0.1948305571510626,0.1932222860425043
eps=2,0.20011487650775417,0.19758759333716255
eps=2,0.20436530729465824,0.20218265364732912
eps=2,0.20781160252728317,0.20585870189546238
eps=2,0.21114302125215392,0.21183228029867893
eps=2,0.216082711085583,0.21723147616312463
eps=2,0.22067777139574957,0.22504307869040782
eps=2,0.22504307869040782,0.23055715106260768
eps=2,0.2292935094773119,0.23526708788052844
eps=2,0.23526708788052844,0.24009190120620333
eps=2,0.2402067777139575,0.24618035611717404
eps=2,0.24491671453187824,0.2498564043653073
eps=2,0.25077541642734064,0.25422171165996554
eps=2,0.2558299827685238,0.25939115450890293
eps=2,0.2616886846639862,0.2639862148190695
eps=2,0.2666283744974153,0.2697300402067777
eps=2,0.2716829408385985,0.2748994830557151
eps=2,0.27719701321079837,0.27995404939689833
eps=2,0.2827110855829983,0.2848937392303274
eps=2,0.2871912693854107,0.2893739230327398
eps=2,0.2922458357265939,0.29408385985066055
eps=2,0.296496266513498,0.29948305571510625
eps=2,0.30189546237794374,0.3038483630097645
eps=2,0.30683515221137275,0.3093624353819644
eps=2,0.31246410109132683,0.3137277426766226
eps=2,0.3170591614014934,0.31947156806433086
eps=2,0.32222860425043076,0.3247558874210224
eps=2,0.3269385410683515,0.33026995979322227
eps=2,0.3325674899483056,0.3347501435956347
eps=2,0.33716255025847214,0.3399195864445721
eps=2,0.3414129810453762,0.3453187823090178
eps=2,0.34589316484778865,0.34910970706490524
eps=2,0.35129236071223435,0.35301550832854683
eps=2,0.3555427914991384,0.3578403216542217
eps=2,0.36082711085582997,0.36232050545663413
eps=2,0.36622630672027573,0.3682940838598507
eps=2,0.3704767375071798,0.3732337736932797
eps=2,0.3746122917863297,0.3785180930499713
eps=2,0.3795519816197588,0.3826536473291212
eps=2,0.38334290637564616,0.38724870763928776
eps=2,0.3873635841470419,0.391614014933946
eps=2,0.39184376794945436,0.39701321079839175
eps=2,0.39632395175186674,0.4016082711085583
eps=2,0.40080413555427913,0.4057438253877082
eps=2,0.40505456634118325,0.4103388856978748
eps=2,0.4106835152211373,0.414704192992533
eps=2,0.41585295807007466,0.41975875933371626
eps=2,0.42274554853532453,0.423090178058587
eps=2,0.4280298678920161,0.42780011487650776
eps=2,0.4334290637564618,0.4341183228029868
eps=2,0.43767949454336585,0.43974727168294087
eps=2,0.44227455485353245,0.4434233199310741
eps=2,0.4477886272257323,0.448937392303274
eps=2,0.4536473291211947,0.4534175761056864
eps=2,0.4578977599080988,0.45939115450890294
eps=2,0.46214819069500285,0.46502010338885696
eps=2,0.4672027570361861,0.4691556576680069
eps=2,0.471338311315336,0.47386559448592763
eps=2,0.47604824813325675,0.48052843193566913
eps=2,0.48052843193566913,0.48512349224583573
eps=2,0.48500861573808157,0.49167145318782307
eps=2,0.48948879954049396,0.497185525560023
eps=2,0.49362435381964387,0.5024698449167145
eps=2,0.4977599080987938,0.5074095347501436
eps=2,0.5025847214244687,0.5115450890292935
eps=2,0.5064905226881102,0.5167145318782309
eps=2,0.5108558299827686,0.5217690982194141
eps=2,0.5169442848937392,0.5267087880528432
eps=2,0.5228029867892016,0.5306145893164848
eps=2,0.5261344055140724,0.535669155657668
eps=2,0.5314187248707639,0.5408385985066054
eps=2,0.5361286616886847,0.5452039058012637
eps=2,0.5407237219988512,0.5495692130959219
eps=2,0.5457782883400345,0.5553130384836301
eps=2,0.550373348650201,0.5607122343480758
eps=2,0.5541642734060884,0.565077541642734
eps=2,0.55944859276278,0.5702469844916714
eps=2,0.5639287765651925,0.5759908098793797
eps=2,0.5696726019529006,0.579666858127513
eps=2,0.5751866743251005,0.5840321654221712
eps=2,0.5809304997128087,0.5886272257323377
eps=2,0.5859850660539919,0.5920735209649627
eps=2,0.5920735209649627,0.5967834577828834
eps=2,0.5971280873061459,0.6032165422171166
eps=2,0.6016082711085583,0.6089603676048249
eps=2,0.6066628374497415,0.6139000574382539
eps=2,0.6109132682366456,0.6201033888569788
eps=2,0.6159678345778289,0.6252728317059162
eps=2,0.6212521539345204,0.6299827685238368
eps=2,0.6271108558299827,0.6348075818495118
eps=2,0.6313612866168868,0.6390580126364158
eps=2,0.6357265939115451,0.6441125789775991
eps=2,0.6403216542217116,0.6506605399195864
eps=2,0.6450315910396324,0.655255600229753
eps=2,0.6502010338885698,0.6607696726019529
eps=2,0.6550258472142447,0.6668581275129236
eps=2,0.6623779437105112,0.6738655944859276
eps=2,0.6681217690982194,0.6793796668581276
eps=2,0.6731763354394027,0.6838598506605399
eps=2,0.6792647903503733,0.688799540493969
eps=2,0.6847788627225733,0.6938541068351523
eps=2,0.6893739230327398,0.6984491671453188
eps=2,0.6941987363584147,0.7046524985640437
eps=2,0.6986789201608271,0.7110855829982768
eps=2,0.7039632395175187,0.7151062607696727
eps=2,0.7092475588742102,0.7218839747271683
eps=2,0.7137277426766226,0.726593911545089
eps=2,0.7178632969557726,0.7321079839172889
eps=2,0.72441125789776,0.7371625502584721
eps=2,0.7290063182079265,0.741298104537622
eps=2,0.7333716255025847,0.7470419299253303
eps=2,0.7385410683515221,0.7516369902354968
eps=2,0.7439402642159678,0.7585295807007467
eps=2,0.7492245835726594,0.7632395175186675
eps=2,0.7539345203905802,0.7679494543365881
eps=2,0.7592188397472717,0.7728891441700172
eps=2,0.7639287765651924,0.7782883400344629
eps=2,0.7693279724296381,0.7835726593911545
eps=2,0.7742676622630672,0.7880528431935669
eps=2,0.7798966111430212,0.7927627800114877
eps=2,0.7840321654221711,0.7985066053991958
eps=2,0.7889718552556002,0.8027570361861
eps=2,0.7933371625502584,0.8079264790350373
eps=2,0.7980470993681792,0.811947156806433
eps=2,0.8042504307869041,0.817461229178633
eps=2,0.8091901206203331,0.823090178058587
eps=2,0.8143595634692705,0.8275703618609994
eps=2,0.8221711659965537,0.8315910396323952
eps=2,0.8263067202757036,0.8354968408960367
eps=2,0.8304422745548535,0.8390580126364159
eps=2,0.8345778288340034,0.8431935669155658
eps=2,0.8380241240666284,0.8487076392877656
eps=2,0.8434233199310741,0.8528431935669155
eps=2,0.8476737507179781,0.857323377369328
eps=2,0.8520390580126365,0.8631820792647904
eps=2,0.8572085008615739,0.8680068925904653
eps=2,0.8620333141872487,0.8736358414704193
eps=2,0.8667432510051695,0.8785755313038484
eps=2,0.8729465824238943,0.8834003446295232
eps=2,0.8777713957495692,0.8882251579551982
eps=2,0.8822515795519816,0.893739230327398
eps=2,0.8878805284319357,0.8989086731763355
eps=2,0.8915565766800689,0.9026995979322229
eps=2,0.8968408960367605,0.9071797817346353
eps=2,0.902125215393452,0.9129236071223434
eps=2,0.9064905226881103,0.9183228029867893
eps=2,0.9106260769672602,0.9222286042504307
eps=2,0.9165996553704767,0.927283170591614
eps=2,0.9219988512349224,0.9302699597932222
eps=2,0.9271682940838598,0.934290637564618
eps=2,0.9313038483630097,0.9392303273980471
eps=2,0.937736932797243,0.9439402642159679
eps=2,0.9416427340608845,0.9484204480183802
eps=2,0.9473865594485927,0.9525560022975301
eps=2,0.9522113727742677,0.9568064330844342
eps=2,0.9564618035611717,0.9610568638713383
eps=2,0.9607122343480758,0.9654221711659966
eps=2,0.9656519241815049,0.9700172314761631
eps=2,0.9718552556002298,0.9758759333716255
eps=2,0.9771395749569213,0.9801263641585296
eps=2,0.9827685238368754,0.9860999425617462
eps=2,0.9872487076392877,0.9900057438253878
eps=2,0.9935669155657668,0.9948305571510626
eps=2,0.9994256174612292,0.9997702469844917
eps=4,0.0,0.0
eps=4,0.006088454910970706,0.0033314187248707637
eps=4,0.010568638713383113,0.00781160252728317
eps=4,0.015048822515795519,0.01183228029867892
eps=4,0.019299253302699597,0.017346352670878806
eps=4,0.02607696726019529,0.022745548535324525
eps=4,0.03124641010913268,0.028144744399770247
eps=4,0.035841470419299255,0.03251005169442849
eps=4,0.041010913268236644,0.03630097645031591
eps=4,0.04595060310166571,0.040206777713957496
eps=4,0.0495117748420448,0.0450315910396324
eps=4,0.053877082136703044,0.0495117748420448
eps=4,0.05835726593911545,0.053877082136703044
eps=4,0.06375646180356118,0.058242389431361286
eps=4,0.06835152211372775,0.063641585295807
eps=4,0.07271682940838599,0.06800689259046525
eps=4,0.07823090178058587,0.07306145893164848
eps=4,0.08248133256748995,0.07731188971855256
eps=4,0.08627225732337737,0.08190695002871913
eps=4,0.08994830557151062,0.08742102240091901
eps=4,0.09431361286616886,0.09224583572659391
eps=4,0.09821941412981046,0.09730040206777714
eps=4,0.1022400919012062,0.10212521539345204
eps=4,0.10752441125789776,0.1061458931648478
eps=4,0.11234922458357266,0.11165996553704767
eps=4,0.11728891441700172,0.11614014933946008
eps=4,0.12085008615738081,0.12085008615738081
eps=4,0.12487076392877657,0.12556002297530156
eps=4,0.13004020677771397,0.13015508328546813
eps=4,0.13463526708788054,0.134979896611143
eps=4,0.13934520390580127,0.14175761056863873
eps=4,0.1456634118322803,0.14612291786329695
eps=4,0.15071797817346352,0.15094773118897187
eps=4,0.15634692705341757,0.15703618609994255
eps=4,0.16128661688684665,0.16278001148765078
eps=4,0.1669155657668007,0.16680068925904654
eps=4,0.17116599655370476,0.1713957495692131
eps=4,0.17633543940264215,0.17725445146467547
eps=4,0.18299827685238368,0.1819643882825962
eps=4,0.18862722573233773,0.18678920160827112
eps=4,0.19310740953475014,0.19207352096496266
eps=4,0.19758759333716255,0.1958644457208501
eps=4,0.20080413555427915,0.20310166570936244
eps=4,0.20551407237219987,0.20792647903503733
eps=4,0.20976450315910397,0.2128661688684664
eps=4,0.21332567489948306,0.2180356117174038
eps=4,0.21757610568638713,0.22366456059735784
eps=4,0.22309017805858702,0.22917863296955773
eps=4,0.22814474439977026,0.2350373348650201
eps=4,0.23251005169442848,0.23917288914417
eps=4,0.23687535898908674,0.24480183802412406
eps=4,0.24158529580700747,0.25031591039632395
eps=4,0.2450315910396324,0.25422171165996554
eps=4,0.2516944284893739,0.2588167719701321
eps=4,0.25617461229178634,0.26318207926479037
eps=4,0.26157380815623205,0.26697300402067775
eps=4,0.2658242389431361,0.2729465824238943
eps=4,0.27053417576105687,0.27823090178058585
eps=4,0.2745548535324526,0.28259620907524413
eps=4,0.2794945433658817,0.287421022400919
eps=4,0.2852383687535899,0.29190120620333143
eps=4,0.2893739230327398,0.2956921309592188
eps=4,0.29373923032739807,0.2998276852383688
eps=4,0.29971280873061457,0.304192992533027
eps=4,0.30499712808730617,0.3084434233199311
eps=4,0.30924755887421024,0.31292360712234346
eps=4,0.3145318782309018,0.31878230901780585
eps=4,0.3197013210798392,0.3245261344055141
eps=4,0.3249856404365307,0.3292360712234348
eps=4,0.32946582423894316,0.3338311315336014
eps=4,0.33371625502584723,0.3385410683515221
eps=4,0.3390005743825388,0.3435956346927053
eps=4,0.34348075818495116,0.3483055715106261
eps=4,0.34807581849511776,0.3540493968983343
eps=4,0.3540493968983343,0.35990809879379665
eps=4,0.35887421022400917,0.3643882825962091
eps=4,0.36346927053417577,0.36990235496840895
eps=4,0.3672601952900632,0.37472716829408387
eps=4,0.3721998851234922,0.3787478460654796
eps=4,0.37541642734060887,0.3844916714531878
eps=4,0.3808156232050546,0.38851234922458355
eps=4,0.3842619184376795,0.39379666858127516
eps=4,0.38920160827110856,0.3998851234922458
eps=4,0.39506031016657095,0.4048248133256749
eps=4,0.4027570361860999,0.4103388856978748
eps=4,0.40781160252728316,0.414704192992533
eps=4,0.41240666283744976,0.4196438828259621
eps=4,0.416771970132108,0.4250430786904078
eps=4,0.4218265364732912,0.4287191269385411
eps=4,0.4267662263067203,0.4334290637564618
eps=4,0.4319356691556577,0.43917288914417
eps=4,0.43549684089603674,0.44353819643882825
eps=4,0.4392877656519242,0.448937392303274
eps=4,0.44399770246984493,0.45456634118322803
eps=4,0.4488225157955198,0.45870189546237794
eps=4,0.45330269959793223,0.4659391154508903
eps=4,0.45801263641585294,0.4707639287765652
eps=4,0.46329695577254454,0.4752441125789776
eps=4,0.46766226306720277,0.48064330844342334
eps=4,0.47283170591614015,0.48604250430786905
eps=4,0.47731188971855254,0.49190120620333144
eps=4,0.4825962090752441,0.496496266513498
eps=4,0.4870763928776565,0.5008615738081562
eps=4,0.49144170017231475,0.5049971280873061
eps=4,0.49534750143595635,0.5121194715680644
eps=4,0.5006318207926479,0.5174037909247559
eps=4,0.5051120045950603,0.5219988512349225
eps=4,0.5097070649052269,0.5275129236071223
eps=4,0.5144170017231476,0.5322228604250431
eps=4,0.52027570361861,0.5368179207352096
eps=4,0.525215393452039,0.5422171165996553
eps=4,0.529350947731189,0.5481906950028719
eps=4,0.535669155657668,0.5533601378518093
eps=4,0.5414129810453763,0.5599080987937967
eps=4,0.5453187823090178,0.5643882825962091
eps=4,0.5501435956346927,0.5695577254451465
eps=4,0.5549684089603676,0.5735784032165422
eps=4,0.560137851809305,0.5781734635267088
eps=4,0.5653072946582424,0.5824238943136129
eps=4,0.5711659965537048,0.5867892016082711
eps=4,0.5765651924181505,0.5905801263641586
eps=4,0.5805858701895462,0.5949454336588168
eps=4,0.5851809304997128,0.6009190120620334
eps=4,0.5895462377943711,0.6074669730040206
eps=4,0.5933371625502585,0.6116025272831705
eps=4,0.5985066053991959,0.6158529580700747
eps=4,0.6037909247558875,0.6209075244112578
eps=4,0.6096496266513498,0.6264215967834578
eps=4,0.6144744399770247,0.6317059161401494
eps=4,0.6188397472716829,0.6363009764503159
eps=4,0.6235496840896037,0.6420448018380241
eps=4,0.6290637564618036,0.6470993681792073
eps=4,0.6340034462952326,0.6522688110281447
eps=4,0.6395175186674326,0.658012636415853
eps=4,0.6453762205628949,0.6621481906950029
eps=4,0.6497415278575531,0.6662837449741528
eps=4,0.6546812176909822,0.6715680643308444
eps=4,0.6607696726019529,0.6769672601952901
eps=4,0.6655944859276278,0.6817920735209649
eps=4,0.6701895462377944,0.686731763354394
eps=4,0.6748994830557151,0.6921309592188397
eps=4,0.680413555427915,0.6973004020677771
eps=4,0.6836300976450316,0.7022400919012062
eps=4,0.6885697874784606,0.7078690407811603
eps=4,0.6935094773118897,0.7128087306145893
eps=4,0.6984491671453188,0.7179781734635267
eps=4,0.7026995979322228,0.7228029867892016
eps=4,0.7071797817346352,0.7278575531303848
eps=4,0.7124641010913269,0.731418724870764
eps=4,0.7176335439402642,0.7346352670878805
eps=4,0.7225732337736933,0.7399195864445721
eps=4,0.7268236645605973,0.7443997702469844
eps=4,0.7329121194715681,0.7481906950028719
eps=4,0.7365881677197014,0.7540493968983343
eps=4,0.7425617461229178,0.7579551981619759
eps=4,0.7469270534175761,0.7625502584721424
eps=4,0.7530155083285468,0.7679494543365881
eps=4,0.7572659391154509,0.7728891441700172
eps=4,0.76220562894888,0.7784032165422171
eps=4,0.7668006892590465,0.783228029867892
eps=4,0.7709362435381965,0.7885123492245836
eps=4,0.7765651924181505,0.7927627800114877
eps=4,0.7809304997128087,0.7975875933371626
eps=4,0.7857553130384837,0.8028719126938542
eps=4,0.7909247558874211,0.8091901206203331
eps=4,0.7949454336588168,0.814014933946008
eps=4,0.8001148765077541,0.8187248707639287
eps=4,0.8055140723721999,0.8236645605973578
eps=4,0.8109132682366456,0.8273406088454911
eps=4,0.8161975875933372,0.832165422171166
eps=4,0.823090178058587,0.8366456059735784
eps=4,0.8281447443997703,0.8423894313612866
eps=4,0.8330844342331993,0.847558874210224
eps=4,0.8365307294658242,0.8528431935669155
eps=4,0.8415852958070075,0.8567489948305571
eps=4,0.8472142446869615,0.8613440551407238
eps=4,0.853187823090178,0.8666283744974153
eps=4,0.8577828834003446,0.8729465824238943
eps=4,0.8624928202182653,0.8768523836875359
eps=4,0.8683515221137278,0.8820218265364733
eps=4,0.8729465824238943,0.8866168868466399
eps=4,0.8771970132107983,0.893049971280873
eps=4,0.8814474439977025,0.8976450315910396
eps=4,0.8861573808156232,0.9016657093624354
eps=4,0.891671453187823,0.9062607696726019
eps=4,0.8973004020677772,0.9110855829982768
eps=4,0.9024698449167146,0.9164847788627226
eps=4,0.9090178058587018,0.9208500861573808
eps=4,0.9140723721998851,0.9261344055140723
eps=4,0.9200459506031017,0.9298104537622056
eps=4,0.9253302699597932,0.934290637564618
eps=4,0.9304997128087306,0.9394600804135554
eps=4,0.9357840321654222,0.9441700172314762
eps=4,0.9403790924755887,0.9495692130959219
eps=4,0.9449741527857554,0.9554279149913842
eps=4,0.949684089603676,0.958759333716255
eps=4,0.9551981619758759,0.9627800114876508
eps=4,0.9592188397472717,0.9666858127512924
eps=4,0.9646180356117174,0.9708213670304423
eps=4,0.9680643308443423,0.9761056863871338
eps=4,0.972774267662263,0.9793222286042504
eps=4,0.9798966111430213,0.9836875358989087
eps=4,0.9851809304997128,0.9890867317633544
eps=4,0.9919586444572085,0.9940264215967834
eps=4,0.9985066053991959,0.9990809879379667
eps=8,0.0,0.0
eps=8,0.006088454910970706,0.004480183802412407
eps=8,0.01160252728317059,0.008271108558299827
eps=8,0.016542217116599655,0.012521539345203905
eps=8,0.02102240091901206,0.01826536473291212
eps=8,0.025617461229178632,0.022745548535324525
eps=8,0.030442274554853533,0.027570361860999426
eps=8,0.03457782883400345,0.032165422171166
eps=8,0.04032165422171166,0.03618609994256174
eps=8,0.04457208500861574,0.04009190120620333
eps=8,0.0495117748420448,0.0446869615163699
eps=8,0.05502584721424469,0.04893739230327398
eps=8,0.05939115450890293,0.054106835152211374
eps=8,0.064330844342332,0.0591614014933946
eps=8,0.06973004020677771,0.06547960941987363
eps=8,0.07501435956346927,0.06995979322228604
eps=8,0.0800689259046525,0.07558874210224009
eps=8,0.08477886272257323,0.07983917288914417
eps=8,0.09040781160252728,0.08546812176909822
eps=8,0.09396898334290638,0.08983342906375646
eps=8,0.09913842619184376,0.09592188397472717
eps=8,0.10396323951751867,0.10132107983917289
eps=8,0.10878805284319357,0.10717978173463527
eps=8,0.11315336013785181,0.11315336013785181
eps=8,0.11901206203331419,0.11935669155657667
eps=8,0.12291786329695577,0.12395175186674325
eps=8,0.128661688684664,0.12912119471568065
eps=8,0.13325674899483056,0.13417576105686388
eps=8,0.13877082136703045,0.1388856978747846
eps=8,0.14359563469270534,0.14313612866168868
eps=8,0.14922458357265939,0.1478460654796094
eps=8,0.15427914991384262,0.15255600229753016
eps=8,0.15944859276278,0.15864445720850087
eps=8,0.16438828259620908,0.16415852958070073
eps=8,0.16863871338311315,0.1707064905226881
eps=8,0.17323377369327972,0.17690982194141297
eps=8,0.1781734635267088,0.1807007466973004
eps=8,0.1826536473291212,0.1862148190695003
eps=8,0.1878230901780586,0.19080987937966687
eps=8,0.19207352096496266,0.19724296381390005
eps=8,0.19632395175186673,0.20252728317059163
eps=8,0.20045950603101664,0.2086157380815623
eps=8,0.20505456634118321,0.2125215393452039
eps=8,0.20987937966685813,0.21700172314761632
eps=8,0.21390005743825388,0.2225157955198162
eps=8,0.21883974727168293,0.2289488799540494
eps=8,0.22435381964388282,0.23331418724870764
eps=8,0.2282596209075244,0.23836875358989087
eps=8,0.23285468121769098,0.24319356691556576
eps=8,0.2385985066053992,0.24847788627225734
eps=8,0.2434233199310741,0.2527283170591614
eps=8,0.24744399770246983,0.25835726593911545
eps=8,0.2521539345203906,0.26421596783457785
eps=8,0.2562894887995405,0.2684663986214819
eps=8,0.2607696726019529,0.27478460654796094
eps=8,0.2668581275129236,0.27914991384261917
eps=8,0.2723721998851235,0.2836300976450316
eps=8,0.2770821367030442,0.28868466398621484
eps=8,0.28179207352096497,0.2935094773118897
eps=8,0.28604250430786904,0.29730040206777714
eps=8,0.29086731763354395,0.304192992533027
eps=8,0.295807007466973,0.3090178058587019
eps=8,0.3000574382538771,0.313268236645606
eps=8,0.3051120045950603,0.31751866743251006
eps=8,0.3099368179207352,0.32199885123492245
eps=8,0.3157955198161976,0.3270534175761057
eps=8,0.3203905801263642,0.33199310740953475
eps=8,0.3251005169442849,0.33808156232050546
eps=8,0.3303848363009764,0.3424468696151637
eps=8,0.33463526708788055,0.34669730040206775
eps=8,0.3396898334290638,0.3511774842044802
eps=8,0.3438253877082137,0.35611717403790927
eps=8,0.34968408960367603,0.36209075244112576
eps=8,0.35301550832854683,0.36703044227455484
eps=8,0.35807007466973007,0.3721998851234922
eps=8,0.3614014933946008,0.3778288340034463
eps=8,0.3649626651349799,0.3817346352670879
eps=8,0.36990235496840895,0.38770821367030445
eps=8,0.3758759333716255,0.3925330269959793
eps=8,0.3807007466973004,0.3977024698449167
eps=8,0.384606547960942,0.4025272831705916
eps=8,0.39046524985640435,0.4087306145893165
eps=8,0.3960941987363584,0.41435956346927055
eps=8,0.40045950603101665,0.4183802412406663
eps=8,0.40654796094198736,0.4233199310740953
eps=8,0.4116025272831706,0.4284893739230327
eps=8,0.4152785755313039,0.4334290637564618
eps=8,0.4199885123492246,0.43813900057438254
eps=8,0.42515795519816196,0.44250430786904077
eps=8,0.43009764503159104,0.44813325674899485
eps=8,0.43446295232624926,0.4530729465824239
eps=8,0.4382538770821367,0.4592762780011488
eps=8,0.4423894313612866,0.4646754738655945
eps=8,0.4469844916714532,0.46927053417576103
eps=8,0.45100516944284896,0.4739804709936818
eps=8,0.4556002297530155,0.4788052843193567
eps=8,0.4607696726019529,0.48317059161401493
eps=8,0.4649052268811028,0.4871912693854107
eps=8,0.4688110281447444,0.4915565766800689
eps=8,0.4722573233773693,0.497185525560023
eps=8,0.4768523836875359,0.5028144744399771
eps=8,0.48121769098219414,0.5085582998276852
eps=8,0.48696151636990237,0.5134979896611143
eps=8,0.49213095921883976,0.5193566915565767
eps=8,0.4969557725445147,0.5263641585295807
eps=8,0.5033888569787478,0.5301550832854681
eps=8,0.5102814474439977,0.5336013785180931
eps=8,0.5145318782309017,0.5391154508902929
eps=8,0.5187823090178059,0.5429063756461804
eps=8,0.52303273980471,0.5497989661114302
eps=8,0.527972429638139,0.5547386559448593
eps=8,0.5325674899483056,0.5610568638713384
eps=8,0.5378518093049971,0.5666858127512924
eps=8,0.5422171165996553,0.5707064905226881
eps=8,0.5481906950028719,0.5754164273406088
eps=8,0.5525560022975301,0.5795519816197587
eps=8,0.5573808156232051,0.5841470419299253
eps=8,0.5610568638713384,0.5905801263641586
eps=8,0.565766800689259,0.5948305571510626
eps=8,0.570591614014934,0.5994256174612291
eps=8,0.5751866743251005,0.6039058012636416
eps=8,0.5802412406662838,0.6082711085582998
eps=8,0.5854106835152212,0.6141298104537622
eps=8,0.591614014933946,0.6183802412406663
eps=8,0.5962090752441126,0.6249282021826537
eps=8,0.6011487650775417,0.6294083859850661
eps=8,0.6055140723721999,0.6336588167719701
eps=8,0.6099942561746123,0.6375646180356117
eps=8,0.6149339460080414,0.6415852958070075
eps=8,0.6198736358414704,0.6458357265939115
eps=8,0.6245835726593911,0.6492820218265365
eps=8,0.6291786329695577,0.655255600229753
eps=8,0.633543940264216,0.6604250430786904
eps=8,0.6376794945433659,0.6647903503733487
eps=8,0.6425043078690408,0.6697300402067777
eps=8,0.6481332567489948,0.6751292360712234
eps=8,0.6534175761056864,0.6793796668581276
eps=8,0.6588167719701321,0.683285468121769
eps=8,0.6637564618035612,0.6879954049396898
eps=8,0.6678920160827111,0.6932797242963814
eps=8,0.6729465824238943,0.6976450315910396
eps=8,0.6770821367030442,0.7039632395175187
eps=8,0.6813325674899483,0.7090178058587019
eps=8,0.6868466398621482,0.7137277426766226
eps=8,0.6930499712808731,0.7183228029867892
eps=8,0.6984491671453188,0.7234922458357266
eps=8,0.7045376220562894,0.7272831705916141
eps=8,0.7092475588742102,0.7319931074095347
eps=8,0.7144170017231476,0.7379666858127513
eps=8,0.7193566915565767,0.7419873635841471
eps=8,0.7239517518667432,0.7470419299253303
eps=8,0.7299253302699598,0.7525560022975302
eps=8,0.7348650201033888,0.7585295807007467
eps=8,0.7408385985066054,0.7641585295807007
eps=8,0.7458931648477887,0.7700172314761631
eps=8,0.7506031016657093,0.7728891441700172
eps=8,0.7547386559448592,0.7773693279724296
eps=8,0.7596783457782883,0.783228029867892
eps=8,0.764273406088455,0.7878230901780586
eps=8,0.769902354968409,0.7937966685812752
eps=8,0.7740379092475589,0.7981619758759334
eps=8,0.7798966111430212,0.8036760482481332
eps=8,0.7850660539919586,0.8078116025272831
eps=8,0.7905801263641585,0.8122917863296956
eps=8,0.7952900631820793,0.8168868466398621
eps=8,0.7989661114302126,0.8222860425043079
eps=8,0.8033314187248708,0.8273406088454911
eps=8,0.808385985066054,0.8317059161401493
eps=8,0.8135554279149914,0.8357265939115451
eps=8,0.8171165996553704,0.8404365307294658
eps=8,0.8207926479035037,0.8452613440551408
eps=8,0.8260769672601953,0.849626651349799
eps=8,0.8307869040781161,0.8554853532452613
eps=8,0.8365307294658242,0.8590465249856405
eps=8,0.8428489373923033,0.8637564618035611
eps=8,0.8477886272257323,0.8700746697300402
eps=8,0.8542217116599655,0.8753589890867317
eps=8,0.8583572659391154,0.8814474439977025
eps=8,0.8641010913268237,0.8851234922458358
eps=8,0.867777139574957,0.8899483055715106
eps=8,0.8719126938541069,0.894428489373923
eps=8,0.8765077541642734,0.8982194141298104
eps=8,0.8821367030442274,0.9032739804709937
eps=8,0.8876507754164273,0.907754164273406
eps=8,0.8925904652498564,0.9115450890292935
eps=8,0.8976450315910396,0.9152211372774268
eps=8,0.9026995979322229,0.9193566915565767
eps=8,0.9074095347501436,0.9240666283744974
eps=8,0.9126938541068351,0.928661688684664
eps=8,0.9184376794945434,0.9332567489948306
eps=8,0.9232624928202182,0.9385410683515221
eps=8,0.9284319356691556,0.942676622630672
eps=8,0.9347501435956347,0.9469270534175761
eps=8,0.9390005743825388,0.9520964962665135
eps=8,0.9437105112004595,0.9570361860999426
eps=8,0.9491097070649053,0.9610568638713383
eps=8,0.9556576680068926,0.9664560597357841
eps=8,0.960137851809305,0.9701321079839172
eps=8,0.9654221711659966,0.9753015508328546
eps=8,0.9695577254451465,0.9790924755887421
eps=8,0.974842044801838,0.9831131533601378
eps=8,0.9809304997128088,0.9878230901780586
eps=8,0.9885123492245835,0.9921883974727168
eps=8,0.9941412981045377,0.9963239517518667
eps=16,0.0,0.0
eps=16,0.005169442848937392,0.0035611717403790924
eps=16,0.010568638713383113,0.0080413555427915
eps=16,0.015508328546812177,0.012981045376220563
eps=16,0.019873635841470418,0.018380241240666284
eps=16,0.025502584721424467,0.022745548535324525
eps=16,0.03124641010913268,0.02768523836875359
eps=16,0.03641585295807007,0.03193566915565767
eps=16,0.04204480183802412,0.03676048248133257
eps=16,0.046295232624928205,0.04135554279149914
eps=16,0.050660539919586446,0.04652498564043653
eps=16,0.05525560022975302,0.05077541642734061
eps=16,0.05996553704767375,0.05571510626076967
eps=16,0.06490522688110281,0.0607696726019529
eps=16,0.06950028719126938,0.06639862148190695
eps=16,0.07306145893164848,0.07179781734635267
eps=16,0.07731188971855256,0.07696726019529006
eps=16,0.08098793796668581,0.08225157955198162
eps=16,0.08558299827685238,0.08707639287765652
eps=16,0.09052268811028144,0.0929350947731189
eps=16,0.09592188397472717,0.0977599080987938
eps=16,0.10201033888569787,0.10086157380815623
eps=16,0.1054566341183228,0.10476737507179781
eps=16,0.10993681792073522,0.10821367030442275
eps=16,0.11453187823090179,0.11315336013785181
eps=16,0.1183228029867892,0.11947156806433085
eps=16,0.12372199885123492,0.12418150488225158
eps=16,0.12716829408385985,0.12992533026995978
eps=16,0.13222286042504308,0.1360137851809305
eps=16,0.13612866168868468,0.14175761056863873
eps=16,0.14256174612291786,0.14589316484778864
eps=16,0.14669730040206777,0.15152211372774269
eps=16,0.151751866743251,0.15772544514646755
eps=16,0.15634692705341757,0.1614014933946008
eps=16,0.16163124641010912,0.16668581275129235
eps=16,0.16576680068925906,0.17346352670878806
eps=16,0.17036186099942563,0.17863296955772545
eps=16,0.17530155083285467,0.18403216542217116
eps=16,0.18024124066628375,0.18828259620907525
eps=16,0.18472142446869616,0.19414129810453762
eps=16,0.1894313612866169,0.19919586444572085
eps=16,0.19299253302699598,0.20425043078690408
eps=16,0.1967834577828834,0.2106835152211373
eps=16,0.20149339460080415,0.21516369902354968
eps=16,0.20689259046524985,0.22125215393452038
eps=16,0.21148765077541642,0.22630672027570362
eps=16,0.21757610568638713,0.23101665709362434
eps=16,0.22469844916714532,0.2366456059735784
eps=16,0.22998276852383687,0.24170017231476162
eps=16,0.23411832280298678,0.24709936817920736
eps=16,0.23836875358989087,0.2528431935669156
eps=16,0.24284893739230326,0.2595060310166571
eps=16,0.2466398621481907,0.26513497989661117
eps=16,0.2516944284893739,0.2697300402067777
eps=16,0.25571510626076965,0.2745548535324526
eps=16,0.2604250430786904,0.27892016082711085
eps=16,0.26547960941987364,0.28351522113727745
eps=16,0.2690407811602527,0.288110281447444
eps=16,0.27375071797817346,0.29236071223434806
eps=16,0.27869040781160254,0.2987937966685813
eps=16,0.28351522113727745,0.30361860999425616
eps=16,0.28753589890867315,0.3084434233199311
eps=16,0.29190120620333143,0.3145318782309018
eps=16,0.2968408960367605,0.31924181504882254
eps=16,0.30074669730040204,0.3245261344055141
eps=16,0.30534175761056864,0.3299253302699598
eps=16,0.3091326823664561,0.33394600804135555
eps=16,0.31361286616886846,0.3383113153360138
eps=16,0.31901206203331417,0.342676622630672
eps=16,0.32418150488225156,0.3483055715106261
eps=16,0.33026995979322227,0.35416427340608847
eps=16,0.3338311315336014,0.35898908673176333
eps=16,0.3383113153360138,0.36323951751866745
eps=16,0.34175761056863874,0.368523836875359
eps=16,0.3465824238943136,0.37288914417001723
eps=16,0.35232624928202183,0.377599080987938
eps=16,0.35715106260769675,0.38219414129810453
eps=16,0.3609419873635841,0.3881677197013211
eps=16,0.3656519241815049,0.392992533026996
eps=16,0.37036186099942564,0.39827685238368754
eps=16,0.374152785755313,0.4051694428489374
eps=16,0.3784032165422171,0.40976450315910395
eps=16,0.38311315336013785,0.4150488225157955
eps=16,0.3878230901780586,0.42102240091901205
eps=16,0.3925330269959793,0.4259620907524411
eps=16,0.39827685238368754,0.43101665709362436
eps=16,0.4022975301550833,0.43584147041929927
eps=16,0.407007466973004,0.4402067777139575
eps=16,0.4122917863296956,0.44445720850086157
eps=16,0.41654221711659967,0.45031591039632396
eps=16,0.4205628948879954,0.4562894887995405
eps=16,0.42642159678345776,0.4614589316484779
eps=16,0.43354394026421594,0.46697300402067776
eps=16,0.43836875358989086,0.4716829408385985
eps=16,0.44296381390005746,0.4759333716255026
eps=16,0.446869615163699,0.48110281447444
eps=16,0.45089029293509475,0.4848937392303274
eps=16,0.4549109707064905,0.4900631820792648
eps=16,0.4604250430786904,0.49534750143595635
eps=16,0.46387133831131533,0.5013210798391728
eps=16,0.46995979322228604,0.5068351522113728
eps=16,0.4755887421022401,0.5122343480758185
eps=16,0.4802986789201608,0.5174037909247559
eps=16,0.4845491097070649,0.5224583572659391
eps=16,0.48948879954049396,0.527283170591614
eps=16,0.4950028719126939,0.5313038483630098
eps=16,0.49821941412981047,0.5370476737507179
eps=16,0.5033888569787478,0.5415278575531304
eps=16,0.5078690407811602,0.5471568064330844
eps=16,0.5128087306145893,0.5516369902354968
eps=16,0.516829408385985,0.5561171740379093
eps=16,0.5218839747271683,0.5612866168868467
eps=16,0.5271682940838599,0.565766800689259
eps=16,0.5317633543940264,0.5716255025847214
eps=16,0.5365881677197013,0.5767949454336588
eps=16,0.5414129810453763,0.5819643882825962
eps=16,0.5456634118322803,0.5862148190695002
eps=16,0.5502584721424468,0.5905801263641586
eps=16,0.5554279149913842,0.5952900631820792
eps=16,0.561516369902355,0.6005743825387708
eps=16,0.5656519241815049,0.6047099368179207
eps=16,0.5719701321079839,0.609075244112579
eps=16,0.5764503159103963,0.6141298104537622
eps=16,0.5813900057438254,0.6184951177484205
eps=16,0.5855255600229753,0.6234348075818495
eps=16,0.5905801263641586,0.6291786329695577
eps=16,0.5950603101665709,0.6338885697874784
eps=16,0.5996553704767376,0.6388282596209075
eps=16,0.6043653072946582,0.6445720850086157
eps=16,0.609075244112579,0.6483630097645031
eps=16,0.6142446869615164,0.6537622056289489
eps=16,0.6202182653647329,0.6595060310166571
eps=16,0.6249282021826537,0.6634118322802987
eps=16,0.630097645031591,0.6696151636990235
eps=16,0.6361860999425617,0.673406088454911
eps=16,0.6410109132682367,0.6781160252728317
eps=16,0.6464101091326824,0.6825962090752441
eps=16,0.6508902929350948,0.6876507754164274
eps=16,0.6575531303848363,0.6920160827110856
eps=16,0.6622630672027571,0.6967260195290064
eps=16,0.6661688684663987,0.7008615738081563
eps=16,0.6712234348075818,0.7058012636415852
eps=16,0.6773118897185526,0.7102814474439977
eps=16,0.6813325674899483,0.715336013785181
eps=16,0.6869615163699023,0.7206203331418725
eps=16,0.6933946008041355,0.7253302699597932
eps=16,0.6989086731763354,0.730040206777714
eps=16,0.7046524985640437,0.7362435381964388
eps=16,0.7099368179207353,0.7408385985066054
eps=16,0.7152211372774268,0.7469270534175761
eps=16,0.71889718552556,0.7518667432510052
eps=16,0.7229178632969557,0.7565766800689259
eps=16,0.7273980470993682,0.7610568638713383
eps=16,0.7315336013785181,0.7656519241815049
eps=16,0.7373923032739804,0.7708213670304422
eps=16,0.7406088454910971,0.7757610568638713
eps=16,0.7450890292935095,0.7803561171740379
eps=16,0.7501435956346927,0.7848363009764503
eps=16,0.7542791499138426,0.7894313612866168
eps=16,0.7595634692705342,0.7943710511200459
eps=16,0.7640436530729465,0.8001148765077541
eps=16,0.7701321079839173,0.8052843193566915
eps=16,0.7751866743251005,0.8109132682366456
eps=16,0.7803561171740379,0.8151636990235497
eps=16,0.7862148190695003,0.8201033888569788
eps=16,0.7904652498564043,0.8261918437679494
eps=16,0.7963239517518668,0.8304422745548535
eps=16,0.8012636415852958,0.8350373348650201
eps=16,0.8056289488799541,0.8388282596209076
eps=16,0.8095347501435957,0.8441125789775991
eps=16,0.8144744399770247,0.8488225157955198
eps=16,0.8215967834577829,0.8547960941987364
eps=16,0.825847214244687,0.8593911545089029
eps=16,0.8319356691556576,0.8650201033888569
eps=16,0.8375646180356117,0.8701895462377943
eps=16,0.8421596783457783,0.8743251005169442
eps=16,0.8469844916714532,0.8807581849511775
eps=16,0.8533026995979323,0.8852383687535899
eps=16,0.8584721424468696,0.8906375646180356
eps=16,0.8637564618035611,0.895117748420448
eps=16,0.8685812751292361,0.8995979322228604
eps=16,0.8745548535324527,0.9032739804709937
eps=16,0.8808730614589316,0.907754164273406
eps=16,0.886042504307869,0.9126938541068351
eps=16,0.8909821941412981,0.9170591614014934
eps=16,0.8959218839747272,0.9225732337736933
eps=16,0.900746697300402,0.9283170591614015
eps=16,0.9059161401493394,0.9322228604250431
eps=16,0.9114302125215393,0.9362435381964388
eps=16,0.9165996553704767,0.9409534750143596
eps=16,0.922343480758185,0.9455485353245261
eps=16,0.9290063182079265,0.9500287191269385
eps=16,0.9354394026421596,0.954508902929351
eps=16,0.9407237219988512,0.9586444572085009
eps=16,0.9462377943710512,0.9640436530729466
eps=16,0.9540493968983343,0.9677197013210799
eps=16,0.9585295807007467,0.9728891441700173
eps=16,0.9638139000574383,0.9771395749569213
eps=16,0.9697874784606548,0.9815048822515795
eps=16,0.9770246984491672,0.9851809304997128
eps=16,0.9833429063756461,0.9896611143021252
eps=16,0.9885123492245835,0.9932222860425043
eps=16,0.9954049396898335,0.9975875933371625
