factor,sexo,edad_min,edad_max,prevalencia,fuente
hipertension,M,15,24,0.015,"ESdE 2023 (INE y Ministerio de Sanidad), prevalencia declarada; tablas 71355, 72356 y 72367"
hipertension,F,15,24,0.006,"ESdE 2023 (INE y Ministerio de Sanidad), prevalencia declarada; tablas 71355, 72356 y 72367"
hipertension,M,25,34,0.021,"ESdE 2023 (INE y Ministerio de Sanidad), prevalencia declarada; tablas 71355, 72356 y 72367"
hipertension,F,25,34,0.025,"ESdE 2023 (INE y Ministerio de Sanidad), prevalencia declarada; tablas 71355, 72356 y 72367"
hipertension,M,35,44,0.061,"ESdE 2023 (INE y Ministerio de Sanidad), prevalencia declarada; tablas 71355, 72356 y 72367"
hipertension,F,35,44,0.037000000000000005,"ESdE 2023 (INE y Ministerio de Sanidad), prevalencia declarada; tablas 71355, 72356 y 72367"
hipertension,M,45,54,0.174,"ESdE 2023 (INE y Ministerio de Sanidad), prevalencia declarada; tablas 71355, 72356 y 72367"
hipertension,F,45,54,0.131,"ESdE 2023 (INE y Ministerio de Sanidad), prevalencia declarada; tablas 71355, 72356 y 72367"
hipertension,M,55,64,0.335,"ESdE 2023 (INE y Ministerio de Sanidad), prevalencia declarada; tablas 71355, 72356 y 72367"
hipertension,F,55,64,0.226,"ESdE 2023 (INE y Ministerio de Sanidad), prevalencia declarada; tablas 71355, 72356 y 72367"
hipertension,M,65,74,0.418,"ESdE 2023 (INE y Ministerio de Sanidad), prevalencia declarada; tablas 71355, 72356 y 72367"
hipertension,F,65,74,0.414,"ESdE 2023 (INE y Ministerio de Sanidad), prevalencia declarada; tablas 71355, 72356 y 72367"
hipertension,M,75,84,0.519,"ESdE 2023 (INE y Ministerio de Sanidad), prevalencia declarada; tablas 71355, 72356 y 72367"
hipertension,F,75,84,0.5429999999999999,"ESdE 2023 (INE y Ministerio de Sanidad), prevalencia declarada; tablas 71355, 72356 y 72367"
hipertension,M,85,120,0.478,"ESdE 2023 (INE y Ministerio de Sanidad), prevalencia declarada; tablas 71355, 72356 y 72367"
hipertension,F,85,120,0.581,"ESdE 2023 (INE y Ministerio de Sanidad), prevalencia declarada; tablas 71355, 72356 y 72367"
diabetes,M,15,24,0.008,"ESdE 2023 (INE y Ministerio de Sanidad), prevalencia declarada; tablas 71355, 72356 y 72367"
diabetes,F,15,24,0.006,"ESdE 2023 (INE y Ministerio de Sanidad), prevalencia declarada; tablas 71355, 72356 y 72367"
diabetes,M,25,34,0.006999999999999999,"ESdE 2023 (INE y Ministerio de Sanidad), prevalencia declarada; tablas 71355, 72356 y 72367"
diabetes,F,25,34,0.016,"ESdE 2023 (INE y Ministerio de Sanidad), prevalencia declarada; tablas 71355, 72356 y 72367"
diabetes,M,35,44,0.015,"ESdE 2023 (INE y Ministerio de Sanidad), prevalencia declarada; tablas 71355, 72356 y 72367"
diabetes,F,35,44,0.01,"ESdE 2023 (INE y Ministerio de Sanidad), prevalencia declarada; tablas 71355, 72356 y 72367"
diabetes,M,45,54,0.033,"ESdE 2023 (INE y Ministerio de Sanidad), prevalencia declarada; tablas 71355, 72356 y 72367"
diabetes,F,45,54,0.03,"ESdE 2023 (INE y Ministerio de Sanidad), prevalencia declarada; tablas 71355, 72356 y 72367"
diabetes,M,55,64,0.125,"ESdE 2023 (INE y Ministerio de Sanidad), prevalencia declarada; tablas 71355, 72356 y 72367"
diabetes,F,55,64,0.064,"ESdE 2023 (INE y Ministerio de Sanidad), prevalencia declarada; tablas 71355, 72356 y 72367"
diabetes,M,65,74,0.193,"ESdE 2023 (INE y Ministerio de Sanidad), prevalencia declarada; tablas 71355, 72356 y 72367"
diabetes,F,65,74,0.134,"ESdE 2023 (INE y Ministerio de Sanidad), prevalencia declarada; tablas 71355, 72356 y 72367"
diabetes,M,75,84,0.247,"ESdE 2023 (INE y Ministerio de Sanidad), prevalencia declarada; tablas 71355, 72356 y 72367"
diabetes,F,75,84,0.243,"ESdE 2023 (INE y Ministerio de Sanidad), prevalencia declarada; tablas 71355, 72356 y 72367"
diabetes,M,85,120,0.179,"ESdE 2023 (INE y Ministerio de Sanidad), prevalencia declarada; tablas 71355, 72356 y 72367"
diabetes,F,85,120,0.214,"ESdE 2023 (INE y Ministerio de Sanidad), prevalencia declarada; tablas 71355, 72356 y 72367"
colesterol_elevado,M,15,24,0.005,"ESdE 2023 (INE y Ministerio de Sanidad), prevalencia declarada; tablas 71355, 72356 y 72367"
colesterol_elevado,F,15,24,0.013000000000000001,"ESdE 2023 (INE y Ministerio de Sanidad), prevalencia declarada; tablas 71355, 72356 y 72367"
colesterol_elevado,M,25,34,0.039,"ESdE 2023 (INE y Ministerio de Sanidad), prevalencia declarada; tablas 71355, 72356 y 72367"
colesterol_elevado,F,25,34,0.04,"ESdE 2023 (INE y Ministerio de Sanidad), prevalencia declarada; tablas 71355, 72356 y 72367"
colesterol_elevado,M,35,44,0.09699999999999999,"ESdE 2023 (INE y Ministerio de Sanidad), prevalencia declarada; tablas 71355, 72356 y 72367"
colesterol_elevado,F,35,44,0.055,"ESdE 2023 (INE y Ministerio de Sanidad), prevalencia declarada; tablas 71355, 72356 y 72367"
colesterol_elevado,M,45,54,0.17300000000000001,"ESdE 2023 (INE y Ministerio de Sanidad), prevalencia declarada; tablas 71355, 72356 y 72367"
colesterol_elevado,F,45,54,0.154,"ESdE 2023 (INE y Ministerio de Sanidad), prevalencia declarada; tablas 71355, 72356 y 72367"
colesterol_elevado,M,55,64,0.29,"ESdE 2023 (INE y Ministerio de Sanidad), prevalencia declarada; tablas 71355, 72356 y 72367"
colesterol_elevado,F,55,64,0.28,"ESdE 2023 (INE y Ministerio de Sanidad), prevalencia declarada; tablas 71355, 72356 y 72367"
colesterol_elevado,M,65,74,0.36200000000000004,"ESdE 2023 (INE y Ministerio de Sanidad), prevalencia declarada; tablas 71355, 72356 y 72367"
colesterol_elevado,F,65,74,0.35100000000000003,"ESdE 2023 (INE y Ministerio de Sanidad), prevalencia declarada; tablas 71355, 72356 y 72367"
colesterol_elevado,M,75,84,0.368,"ESdE 2023 (INE y Ministerio de Sanidad), prevalencia declarada; tablas 71355, 72356 y 72367"
colesterol_elevado,F,75,84,0.4,"ESdE 2023 (INE y Ministerio de Sanidad), prevalencia declarada; tablas 71355, 72356 y 72367"
colesterol_elevado,M,85,120,0.342,"ESdE 2023 (INE y Ministerio de Sanidad), prevalencia declarada; tablas 71355, 72356 y 72367"
colesterol_elevado,F,85,120,0.332,"ESdE 2023 (INE y Ministerio de Sanidad), prevalencia declarada; tablas 71355, 72356 y 72367"
obesidad,M,15,24,0.075,"ESdE 2023 (INE y Ministerio de Sanidad), prevalencia declarada; tablas 71355, 72356 y 72367"
obesidad,F,15,24,0.066,"ESdE 2023 (INE y Ministerio de Sanidad), prevalencia declarada; tablas 71355, 72356 y 72367"
obesidad,M,25,34,0.106,"ESdE 2023 (INE y Ministerio de Sanidad), prevalencia declarada; tablas 71355, 72356 y 72367"
obesidad,F,25,34,0.106,"ESdE 2023 (INE y Ministerio de Sanidad), prevalencia declarada; tablas 71355, 72356 y 72367"
obesidad,M,35,44,0.113,"ESdE 2023 (INE y Ministerio de Sanidad), prevalencia declarada; tablas 71355, 72356 y 72367"
obesidad,F,35,44,0.11900000000000001,"ESdE 2023 (INE y Ministerio de Sanidad), prevalencia declarada; tablas 71355, 72356 y 72367"
obesidad,M,45,54,0.171,"ESdE 2023 (INE y Ministerio de Sanidad), prevalencia declarada; tablas 71355, 72356 y 72367"
obesidad,F,45,54,0.155,"ESdE 2023 (INE y Ministerio de Sanidad), prevalencia declarada; tablas 71355, 72356 y 72367"
obesidad,M,55,64,0.21100000000000002,"ESdE 2023 (INE y Ministerio de Sanidad), prevalencia declarada; tablas 71355, 72356 y 72367"
obesidad,F,55,64,0.179,"ESdE 2023 (INE y Ministerio de Sanidad), prevalencia declarada; tablas 71355, 72356 y 72367"
obesidad,M,65,74,0.203,"ESdE 2023 (INE y Ministerio de Sanidad), prevalencia declarada; tablas 71355, 72356 y 72367"
obesidad,F,65,74,0.226,"ESdE 2023 (INE y Ministerio de Sanidad), prevalencia declarada; tablas 71355, 72356 y 72367"
obesidad,M,75,84,0.172,"ESdE 2023 (INE y Ministerio de Sanidad), prevalencia declarada; tablas 71355, 72356 y 72367"
obesidad,F,75,84,0.187,"ESdE 2023 (INE y Ministerio de Sanidad), prevalencia declarada; tablas 71355, 72356 y 72367"
obesidad,M,85,120,0.10800000000000001,"ESdE 2023 (INE y Ministerio de Sanidad), prevalencia declarada; tablas 71355, 72356 y 72367"
obesidad,F,85,120,0.165,"ESdE 2023 (INE y Ministerio de Sanidad), prevalencia declarada; tablas 71355, 72356 y 72367"
tabaquismo,M,15,24,0.13,"ESdE 2023 (INE y Ministerio de Sanidad), prevalencia declarada; tablas 71355, 72356 y 72367"
tabaquismo,F,15,24,0.084,"ESdE 2023 (INE y Ministerio de Sanidad), prevalencia declarada; tablas 71355, 72356 y 72367"
tabaquismo,M,25,34,0.267,"ESdE 2023 (INE y Ministerio de Sanidad), prevalencia declarada; tablas 71355, 72356 y 72367"
tabaquismo,F,25,34,0.168,"ESdE 2023 (INE y Ministerio de Sanidad), prevalencia declarada; tablas 71355, 72356 y 72367"
tabaquismo,M,35,44,0.262,"ESdE 2023 (INE y Ministerio de Sanidad), prevalencia declarada; tablas 71355, 72356 y 72367"
tabaquismo,F,35,44,0.166,"ESdE 2023 (INE y Ministerio de Sanidad), prevalencia declarada; tablas 71355, 72356 y 72367"
tabaquismo,M,45,54,0.244,"ESdE 2023 (INE y Ministerio de Sanidad), prevalencia declarada; tablas 71355, 72356 y 72367"
tabaquismo,F,45,54,0.19399999999999998,"ESdE 2023 (INE y Ministerio de Sanidad), prevalencia declarada; tablas 71355, 72356 y 72367"
tabaquismo,M,55,64,0.22699999999999998,"ESdE 2023 (INE y Ministerio de Sanidad), prevalencia declarada; tablas 71355, 72356 y 72367"
tabaquismo,F,55,64,0.16699999999999998,"ESdE 2023 (INE y Ministerio de Sanidad), prevalencia declarada; tablas 71355, 72356 y 72367"
tabaquismo,M,65,74,0.138,"ESdE 2023 (INE y Ministerio de Sanidad), prevalencia declarada; tablas 71355, 72356 y 72367"
tabaquismo,F,65,74,0.09,"ESdE 2023 (INE y Ministerio de Sanidad), prevalencia declarada; tablas 71355, 72356 y 72367"
tabaquismo,M,75,84,0.063,"ESdE 2023 (INE y Ministerio de Sanidad), prevalencia declarada; tablas 71355, 72356 y 72367"
tabaquismo,F,75,84,0.024,"ESdE 2023 (INE y Ministerio de Sanidad), prevalencia declarada; tablas 71355, 72356 y 72367"
tabaquismo,M,85,120,0.039,"ESdE 2023 (INE y Ministerio de Sanidad), prevalencia declarada; tablas 71355, 72356 y 72367"
tabaquismo,F,85,120,0.004,"ESdE 2023 (INE y Ministerio de Sanidad), prevalencia declarada; tablas 71355, 72356 y 72367"
